-- 샘플 환자 데이터 (2025년 4-7월 기간)
INSERT INTO patients (id, name, birth_date, phone_number, created_at) VALUES
(1, '김철수', '1985-03-15', '01012345678', '2025-04-01 09:30:00'),
(2, '이영희', '1990-07-22', '01023456789', '2025-04-02 10:15:00'),
(3, '박민수', '1978-11-08', '01034567890', '2025-04-03 14:20:00'),
(4, '최수진', '1995-05-12', '01045678901', '2025-04-05 11:45:00'),
(5, '정태호', '1982-09-30', '01056789012', '2025-04-07 16:30:00'),
(6, '한미영', '1988-12-03', '01067890123', '2025-04-10 13:20:00'),
(7, '윤성준', '1992-01-25', '01078901234', '2025-04-12 09:10:00'),
(8, '임지은', '1997-06-18', '01089012345', '2025-04-15 15:40:00');

-- 샘플 접수 데이터 (여러 번 방문 이력 포함)
INSERT INTO receptions (id, patient_id, status, is_guardian, sms_notification_enabled, sms_sent, created_at, confirmed_at, called_at, completed_at) VALUES
-- 김철수 (3번 방문)
(1, 1, 'COMPLETED', false, true, false, '2025-04-01 09:30:00', '2025-04-01 09:35:00', '2025-04-01 10:00:00', '2025-04-01 10:30:00'),
(2, 1, 'COMPLETED', false, true, false, '2025-04-15 14:20:00', '2025-04-15 14:25:00', '2025-04-15 15:00:00', '2025-04-15 15:45:00'),
(3, 1, 'CONFIRMED', false, true, false, '2025-04-30 11:15:00', '2025-04-30 11:20:00', NULL, NULL),

-- 이영희 (2번 방문)
(4, 2, 'COMPLETED', false, true, false, '2025-04-02 10:15:00', '2025-04-02 10:20:00', '2025-04-02 11:00:00', '2025-04-02 11:30:00'),
(5, 2, 'CONFIRMED', false, true, false, '2025-04-20 16:45:00', '2025-04-20 16:50:00', NULL, NULL),

-- 박민수 (1번 방문)
(6, 3, 'COMPLETED', false, true, false, '2025-04-03 14:20:00', '2025-04-03 14:25:00', '2025-04-03 15:00:00', '2025-04-03 15:40:00'),

-- 최수진 (2번 방문)
(7, 4, 'COMPLETED', false, true, false, '2025-04-05 11:45:00', '2025-04-05 11:50:00', '2025-04-05 12:30:00', '2025-04-05 13:00:00'),
(8, 4, 'CONFIRMED', false, true, false, '2025-04-25 09:30:00', '2025-04-25 09:35:00', NULL, NULL),

-- 정태호 (1번 방문)
(9, 5, 'COMPLETED', false, true, false, '2025-04-07 16:30:00', '2025-04-07 16:35:00', '2025-04-07 17:00:00', '2025-04-07 17:35:00'),

-- 한미영 (1번 방문)
(10, 6, 'COMPLETED', false, true, false, '2025-04-10 13:20:00', '2025-04-10 13:25:00', '2025-04-10 14:00:00', '2025-04-10 14:30:00'),

-- 윤성준 (1번 방문)
(11, 7, 'COMPLETED', false, true, false, '2025-04-12 09:10:00', '2025-04-12 09:15:00', '2025-04-12 09:45:00', '2025-04-12 10:15:00'),

-- 임지은 (1번 방문)
(12, 8, 'COMPLETED', false, true, false, '2025-04-15 15:40:00', '2025-04-15 15:45:00', '2025-04-15 16:15:00', '2025-04-15 16:45:00');

-- 샘플 문진표 데이터
INSERT INTO medical_surveys (id, patient_id, reception_id, symptoms, allergies, medications, medical_history, visit_reason, created_at) VALUES
(1, 1, 1, '두통, 발열', '페니실린', '타이레놀', '고혈압', '감기 증상', '2025-04-01 09:30:00'),
(2, 1, 2, '복통, 메스꺼움', '없음', '소화제', '위염', '소화불량', '2025-04-15 14:20:00'),
(3, 1, 3, '기침, 인후통', '없음', '없음', '고혈압', '기침 증상', '2025-04-30 11:15:00'),
(4, 2, 4, '관절통, 부종', '아스피린', '소염제', '관절염', '관절 통증', '2025-04-02 10:15:00'),
(5, 2, 5, '피로, 어지러움', '없음', '비타민', '빈혈', '피로감', '2025-04-20 16:45:00'),
(6, 3, 6, '가슴 통증', '없음', '심장약', '심장질환', '가슴 통증', '2025-04-03 14:20:00'),
(7, 4, 7, '피부 발진', '항생제', '항히스타민', '알레르기', '피부 발진', '2025-04-05 11:45:00'),
(8, 4, 8, '요통', '없음', '진통제', '요추질환', '허리 통증', '2025-04-25 09:30:00'),
(9, 5, 9, '시력 저하', '없음', '없음', '당뇨', '시력 문제', '2025-04-07 16:30:00'),
(10, 6, 10, '불면증', '없음', '수면제', '불면증', '수면 장애', '2025-04-10 13:20:00'),
(11, 7, 11, '소화불량', '없음', '소화제', '위염', '소화불량', '2025-04-12 09:10:00'),
(12, 8, 12, '알레르기 증상', '꽃가루', '항히스타민', '알레르기', '재채기, 콧물', '2025-04-15 15:40:00');

-- 샘플 바이탈사인 데이터
INSERT INTO vital_signs (id, reception_id, body_temp, blood_pressure, pulse, symptoms, other_symptoms, medical_history, nurse_notes, nurse_id, created_at) VALUES
(1, 1, 37.8, '120/80', 85, '두통, 발열', '기침', '고혈압', '체온 상승, 경미한 기침 증상', 'NURSE001', '2025-04-01 09:35:00'),
(2, 2, 36.5, '118/75', 72, '복통, 메스꺼움', '소화불량', '위염', '복부 압통 있음', 'NURSE001', '2025-04-15 14:25:00'),
(3, 3, 37.2, '125/82', 78, '기침, 인후통', '가래', '고혈압', '인후부 충혈, 경미한 기침', 'NURSE002', '2025-04-30 11:20:00'),
(4, 4, 36.8, '110/70', 68, '관절통, 부종', '관절 강직', '관절염', '오른쪽 무릎 부종', 'NURSE002', '2025-04-02 10:20:00'),
(5, 5, 36.3, '105/65', 65, '피로, 어지러움', '빈혈 증상', '빈혈', '안색 창백, 피로감 심함', 'NURSE001', '2025-04-20 16:50:00'),
(6, 6, 37.0, '140/90', 88, '가슴 통증', '호흡곤란', '심장질환', '가슴 통증 호소, 심전도 정상', 'NURSE002', '2025-04-03 14:25:00'),
(7, 7, 36.7, '115/75', 76, '피부 발진', '가려움', '알레르기', '팔과 다리에 발진', 'NURSE001', '2025-04-05 11:50:00'),
(8, 8, 36.9, '125/80', 82, '요통', '허리 통증', '요추질환', '요추부 압통', 'NURSE002', '2025-04-25 09:35:00'),
(9, 9, 36.4, '130/85', 75, '시력 저하', '눈 피로', '당뇨', '시력 검사 필요', 'NURSE001', '2025-04-07 16:35:00'),
(10, 10, 36.6, '110/70', 70, '불면증', '스트레스', '불면증', '수면 패턴 불규칙', 'NURSE002', '2025-04-10 13:25:00'),
(11, 11, 36.8, '118/78', 74, '소화불량', '복부 팽만', '위염', '복부 불편감', 'NURSE001', '2025-04-12 09:15:00'),
(12, 12, 37.1, '115/75', 80, '알레르기 증상', '재채기, 콧물', '알레르기', '알레르기 반응 심함', 'NURSE002', '2025-04-15 15:45:00');

-- 샘플 처방전 데이터 (완료된 진료만)
INSERT INTO prescriptions (id, reception_id, medication_name, dosage, frequency, duration, instructions, prescribed_at) VALUES
(1, 1, '타이레놀', '500mg', '1일 3회', '3일분', '식후 30분 복용', '2025-04-01 10:30:00'),
(2, 1, '기침약', '10ml', '1일 3회', '3일분', '식후 복용', '2025-04-01 10:30:00'),
(3, 2, '소화제', '1정', '1일 3회', '5일분', '식전 30분 복용', '2025-04-15 15:45:00'),
(4, 4, '소염제', '1정', '1일 2회', '7일분', '식후 복용', '2025-04-02 11:30:00'),
(5, 4, '진통제', '1정', '1일 3회', '5일분', '통증 시 복용', '2025-04-02 11:30:00'),
(6, 5, '비타민제', '1정', '1일 1회', '30일분', '아침 식후 복용', '2025-04-20 17:45:00'),
(7, 6, '심장약', '1정', '1일 2회', '30일분', '아침, 저녁 복용', '2025-04-03 15:40:00'),
(8, 7, '항히스타민', '1정', '1일 2회', '7일분', '식후 복용', '2025-04-05 13:00:00'),
(9, 8, '진통제', '1정', '1일 3회', '7일분', '통증 시 복용', '2025-04-25 10:45:00'),
(10, 9, '혈당약', '1정', '1일 2회', '30일분', '아침, 저녁 복용', '2025-04-07 17:35:00'),
(11, 10, '수면제', '1정', '1일 1회', '14일분', '취침 30분 전 복용', '2025-04-10 14:30:00'),
(12, 11, '소화제', '1정', '1일 3회', '7일분', '식전 30분 복용', '2025-04-12 10:15:00'),
(13, 12, '항히스타민', '1정', '1일 2회', '10일분', '식후 복용', '2025-04-15 16:45:00');

-- 시퀀스 값 업데이트 (다음 ID 생성 시 충돌 방지)
SELECT setval('patients_id_seq', (SELECT MAX(id) FROM patients));
SELECT setval('receptions_id_seq', (SELECT MAX(id) FROM receptions));
SELECT setval('medical_surveys_id_seq', (SELECT MAX(id) FROM medical_surveys));
SELECT setval('vital_signs_id_seq', (SELECT MAX(id) FROM vital_signs));
SELECT setval('prescriptions_id_seq', (SELECT MAX(id) FROM prescriptions)); 